{"cameraMode":{"drawMode":0,"name":"Shaded","section":"Shading Mode"},"sceneLighting":false,"audioPlay":false,"sceneViewState":{"m_AlwaysRefresh":false,"showFog":true,"showSkybox":false,"showFlares":true,"showImageEffects":true,"showParticleSystems":true,"showVisualEffectGraphs":true,"m_FxEnabled":true},"in2DMode":false,"pivot":{"x":-0.42542263865470889,"y":1.7040411233901978,"z":0.9165365695953369},"rotation":{"x":0.15755145251750947,"y":-0.7395073175430298,"z":0.18816080689430238,"w":0.6276607513427734},"size":1.1489125490188599,"orthographic":false}