{"cameraMode":{"drawMode":0,"name":"Shaded","section":"Shading Mode"},"sceneLighting":false,"audioPlay":false,"sceneViewState":{"m_AlwaysRefresh":false,"showFog":true,"showSkybox":false,"showFlares":true,"showImageEffects":true,"showParticleSystems":true,"showVisualEffectGraphs":true,"m_FxEnabled":true},"in2DMode":false,"pivot":{"x":-0.4083905518054962,"y":0.686180591583252,"z":-0.24120838940143586},"rotation":{"x":0.05509650334715843,"y":0.8131224513053894,"z":-0.07774553447961807,"w":0.5747147798538208},"size":1.329171895980835,"orthographic":false}