{"cameraMode":{"drawMode":0,"name":"Shaded","section":"Shading Mode"},"sceneLighting":false,"audioPlay":false,"sceneViewState":{"m_AlwaysRefresh":false,"showFog":true,"showSkybox":false,"showFlares":true,"showImageEffects":true,"showParticleSystems":true,"showVisualEffectGraphs":true,"m_FxEnabled":true},"in2DMode":false,"pivot":{"x":0.557633638381958,"y":-0.14250612258911134,"z":-0.48433881998062136},"rotation":{"x":0.10086362063884735,"y":0.7032402753829956,"z":-0.10131093114614487,"w":0.6968557834625244},"size":1.329171895980835,"orthographic":false}