{"cameraMode":{"drawMode":0,"name":"Shaded","section":"Shading Mode"},"sceneLighting":false,"audioPlay":false,"sceneViewState":{"m_AlwaysRefresh":false,"showFog":true,"showSkybox":false,"showFlares":true,"showImageEffects":true,"showParticleSystems":true,"showVisualEffectGraphs":true,"m_FxEnabled":true},"in2DMode":false,"pivot":{"x":-13.46905517578125,"y":7.587535381317139,"z":9.931107521057129},"rotation":{"x":0.030014924705028535,"y":0.9463785290718079,"z":-0.30838266015052798,"w":0.09198535233736038},"size":1.2124356031417847,"orthographic":false}