{"cameraMode":{"drawMode":0,"name":"Shaded","section":"Shading Mode"},"sceneLighting":true,"audioPlay":false,"sceneViewState":{"m_AlwaysRefresh":false,"showFog":true,"showSkybox":true,"showFlares":true,"showImageEffects":true,"showParticleSystems":true,"showVisualEffectGraphs":true,"m_FxEnabled":true},"in2DMode":false,"pivot":{"x":-21.1098575592041,"y":13.893811225891114,"z":-67.06387329101563},"rotation":{"x":0.02580234594643116,"y":0.018288107588887216,"z":-0.0004763360775541514,"w":0.9995144009590149},"size":0.45998889207839968,"orthographic":false}