{"cameraMode":{"drawMode":0,"name":"Shaded","section":"Shading Mode"},"sceneLighting":true,"audioPlay":false,"sceneViewState":{"m_AlwaysRefresh":false,"showFog":true,"showSkybox":true,"showFlares":true,"showImageEffects":true,"showParticleSystems":true,"showVisualEffectGraphs":true,"m_FxEnabled":true},"in2DMode":false,"pivot":{"x":0.8609638214111328,"y":1.773879051208496,"z":0.15121901035308839},"rotation":{"x":0.029260482639074327,"y":0.6596100926399231,"z":0.025758950039744378,"w":-0.7506787180900574},"size":1.2247449159622193,"orthographic":false}