{"cameraMode":{"drawMode":0,"name":"Shaded","section":"Shading Mode"},"sceneLighting":false,"audioPlay":false,"sceneViewState":{"m_AlwaysRefresh":false,"showFog":true,"showSkybox":false,"showFlares":true,"showImageEffects":true,"showParticleSystems":true,"showVisualEffectGraphs":true,"m_FxEnabled":true},"in2DMode":false,"pivot":{"x":-17.450010299682618,"y":20.80881690979004,"z":30.037315368652345},"rotation":{"x":0.09168373048305512,"y":0.023029129952192308,"z":-0.0019098663469776512,"w":0.9957565069198608},"size":25.388288497924806,"orthographic":false}