{"cameraMode":{"drawMode":0,"name":"Shaded","section":"Shading Mode"},"sceneLighting":false,"audioPlay":false,"sceneViewState":{"m_AlwaysRefresh":false,"showFog":true,"showSkybox":false,"showFlares":true,"showImageEffects":true,"showParticleSystems":true,"showVisualEffectGraphs":true,"m_FxEnabled":true},"in2DMode":false,"pivot":{"x":0.049785517156124118,"y":2.215358257293701,"z":1.7770956754684449},"rotation":{"x":0.004695557523518801,"y":0.9820252656936646,"z":-0.18785493075847627,"w":0.024458928033709527},"size":0.8660253882408142,"orthographic":false}