{"cameraMode":{"drawMode":0,"name":"Shaded","section":"Shading Mode"},"sceneLighting":true,"audioPlay":false,"sceneViewState":{"m_AlwaysRefresh":false,"showFog":true,"showSkybox":true,"showFlares":true,"showImageEffects":true,"showParticleSystems":true,"showVisualEffectGraphs":true,"m_FxEnabled":true},"in2DMode":false,"pivot":{"x":-11.578411102294922,"y":7.306257247924805,"z":-0.7505083084106445},"rotation":{"x":-0.2134169638156891,"y":-0.07327862083911896,"z":0.013903648592531681,"w":-0.9746667742729187},"size":1.5052000284194947,"orthographic":false}