{"cameraMode":{"drawMode":0,"name":"Shaded","section":"Shading Mode"},"sceneLighting":false,"audioPlay":false,"sceneViewState":{"m_AlwaysRefresh":false,"showFog":true,"showSkybox":false,"showFlares":true,"showImageEffects":true,"showParticleSystems":true,"showVisualEffectGraphs":true,"m_FxEnabled":true},"in2DMode":false,"pivot":{"x":0.9437463879585266,"y":-0.42574208974838259,"z":1.0871810913085938},"rotation":{"x":-0.017202088609337808,"y":-0.4967440664768219,"z":0.009824256412684918,"w":-0.8677579164505005},"size":1.0553983449935914,"orthographic":false}