{"cameraMode":{"drawMode":0,"name":"Shaded","section":"Shading Mode"},"sceneLighting":false,"audioPlay":false,"sceneViewState":{"m_AlwaysRefresh":false,"showFog":true,"showSkybox":false,"showFlares":true,"showImageEffects":true,"showParticleSystems":true,"showVisualEffectGraphs":true,"m_FxEnabled":true},"in2DMode":false,"pivot":{"x":-0.4378006160259247,"y":-0.4867263436317444,"z":0.9805610179901123},"rotation":{"x":0.06812164187431336,"y":0.8871373534202576,"z":-0.13898980617523194,"w":0.4347909986972809},"size":1.2124356031417847,"orthographic":false}