{"cameraMode":{"drawMode":0,"name":"Shaded","section":"Shading Mode"},"sceneLighting":false,"audioPlay":false,"sceneViewState":{"m_AlwaysRefresh":false,"showFog":true,"showSkybox":false,"showFlares":true,"showImageEffects":true,"showParticleSystems":true,"showVisualEffectGraphs":true,"m_FxEnabled":true},"in2DMode":false,"pivot":{"x":1.4385156631469727,"y":-0.007480742409825325,"z":-0.9116156101226807},"rotation":{"x":0.010038948617875576,"y":0.8419318199157715,"z":-0.015669040381908418,"w":0.5392964482307434},"size":1.2124356031417847,"orthographic":false}