{"cameraMode":{"drawMode":0,"name":"Shaded","section":"Shading Mode"},"sceneLighting":false,"audioPlay":false,"sceneViewState":{"m_AlwaysRefresh":false,"showFog":true,"showSkybox":false,"showFlares":true,"showImageEffects":true,"showParticleSystems":true,"showVisualEffectGraphs":true,"m_FxEnabled":true},"in2DMode":false,"pivot":{"x":0.8337544798851013,"y":3.6084353923797609,"z":-4.202208042144775},"rotation":{"x":0.02467694692313671,"y":0.9604597687721252,"z":-0.07965666055679321,"w":0.26783689856529238},"size":2.0049936771392824,"orthographic":false}